02100BK11045|https://www.gsaadvantage.gov/advantage/catalog/product_detail.do?contractNumber=GS-02F-0225X&itemNumber=02100BK11045&mfrName=ZEBRA+TECHNOLOGIES+CORPORATION
ZBR02100BK11045|https://www.gsaadvantage.gov/advantage/catalog/product_detail.do?contractNumber=GS-02F-0225X&itemNumber=02100BK11045&mfrName=ZEBRA+TECHNOLOGIES+CORPORATION`https://www.gsaadvantage.gov/advantage/catalog/product_detail.do?contractNumber=GS-02F-0053N&itemNumber=ZBR02100BK11045&mfrName=ZEBRA+TECHNOLOGIES
02100BK11045ZBR|No results found
200217P|https://www.gsaadvantage.gov/advantage/catalog/product_detail.do?contractNumber=GS-02F-0130X&itemNumber=200217P&mfrName=WEST+POINT+PRODUCTS
WPP200217P|https://www.gsaadvantage.gov/advantage/catalog/product_detail.do?contractNumber=GS-02F-0130X&itemNumber=200217P&mfrName=WEST+POINT+PRODUCTS`https://www.gsaadvantage.gov/advantage/catalog/product_detail.do?contractNumber=GS-02F-0099T&itemNumber=WPP200217P&mfrName=WEST+POINT+PRODUCTS
200217PWPP|No results found
888276|https://www.gsaadvantage.gov/advantage/catalog/product_detail.do?contractNumber=GS-02F-0004P&itemNumber=888276&mfrName=RICOH
RIC888276|https://www.gsaadvantage.gov/advantage/catalog/product_detail.do?contractNumber=GS-02F-0004P&itemNumber=888276&mfrName=RICOH`https://www.gsaadvantage.gov/advantage/catalog/product_detail.do?contractNumber=GS-02F-0066N&itemNumber=RIC888276&mfrName=RICOH+CORP.
888276RIC|No results found
106R02243|https://www.gsaadvantage.gov/advantage/catalog/product_detail.do?contractNumber=GS-02F-144BA&itemNumber=106R02243&mfrName=XEROX+CORPORATION&bpaNumber=GS02Q14DCR0007
XER106R02243|https://www.gsaadvantage.gov/advantage/catalog/product_detail.do?contractNumber=GS-02F-144BA&itemNumber=106R02243&mfrName=XEROX+CORPORATION&bpaNumber=GS02Q14DCR0007`https://www.gsaadvantage.gov/advantage/catalog/product_detail.do?contractNumber=GS-02F-009CA&itemNumber=XER106R02243&mfrName=XEROX+CORPORATION&bpaNumber=GS02Q14DCR0010
106R02243XER|No results found
